Workbook

Sheet Summary
A1: Salary review V4 | B1: Team Alpha
A2: Dataset | B2: SYNTHETIC DEMO
A3: Reviewer_ID | B3: L-A
A4: Team Payroll June | B4: =SUM(Detail!H2:H6) -> 9000000
A5: Maximum Payroll / Budget | B5: =B4*(1+B12) -> 11520000
A6: Proposed Payroll | B6: =SUM(Detail!Q2:Q6) -> 11520000
A7: Discretionary Adjustment Amount | B7: =B8-B6 -> 14000
A8: Final Payroll | B8: =SUM(Detail!T2:T6) -> 11534000
A9: Budget Remaining | B9: =B5-B8 -> -14000
A10: Budget Utilization % | B10: =B8/B5 -> 1.0012153
A11: Budget Status | B11: =IF(ISERROR(B8),"INVALID",IF(B8>B5,"EXCEEDED","OK")) -> EXCEEDED
A12: Budget % | B12: 0.28
A13: Discretionary_Min_Pct | B13: -0.05
A14: Discretionary_Max_Pct | B14: 0.05
A15: Final approval | B15: PENDING_HUMAN_APPROVAL
A16: Instructions | B16: Edit only yellow Discretionary Adjustment % cells.
A17: Protection | B17: Prevents accidental edits. No encryption or access control.
A18: Parameters | B18: DEMO limits and leadership budget require business approval.
A19: Budget utilization definition | B19: Final Payroll / Maximum Payroll
A20: Invalid adjustments | B20: Invalid input blocks final amounts until corrected.

Sheet Detail
A1: Employee_ID | B1: Team | C1: Current Rank | D1: Current Grade | E1: New Rank | F1: New Grade | G1: Performance Rating | H1: June Salary | I1: Market Reference | J1: Initial Compa Ratio | K1: General % | L1: Promotion % | M1: Progression % | N1: Merit % | O1: Market % | P1: Proposed Increase % | Q1: Proposed Salary | R1: Discretionary Adjustment % | S1: Final Increase % | T1: Final Salary | U1: Final Compa Ratio | V1: Flags | W1: Protected Increase % | X1: Protected Salary | Y1: Original Flags | Z1: Reviewer_ID | AA1: Human Modified
A2: A001 | B2: Team Alpha | C2: Associate | D2: 1 | E2: Associate | F2: 1 | G2: 2 | H2: 1400000 | I2: 2160000 | J2: 0.64814815 | K2: 0.08 | L2: 0 | M2: 0 | N2: 0.0588 | O2: 0.2352 | P2: 0.374 | Q2: 1923600 | R2: 0.01 | S2: =IF(AND(ISNUMBER(R2),R2>=Summary!$B$13,R2<=Summary!$B$14,ROUND(R2,4)=R2,ROUND(P2+R2,4)>=W2,ROUND(H2*(1+ROUND(P2+R2,4)),-2)>=X2),ROUND(P2+R2,4),NA()) -> 0.384 | T2: =ROUND(H2*(1+S2),-2) -> 1937600 | U2: =IF(I2="","",T2/I2) -> 0.89703704 | V2: =Y2&IF(AND(ISNUMBER(R2),R2>=Summary!$B$13,R2<=Summary!$B$14,ROUND(R2,4)=R2,ROUND(P2+R2,4)>=W2,ROUND(H2*(1+ROUND(P2+R2,4)),-2)>=X2),"",";INVALID_ADJUSTMENT") | W2: 0.08 | X2: 1512000 | Z2: L-A | AA2: =R2<>0 -> TRUE
A3: A002 | B3: Team Alpha | C3: Associate | D3: 2 | E3: Associate | F3: 2 | G3: 3 | H3: 1600000 | I3: 2160000 | J3: 0.74074074 | K3: 0.08 | L3: 0 | M3: 0 | N3: 0.1176 | O3: 0.1176 | P3: 0.3152 | Q3: 2104300 | R3: 0 | S3: =IF(AND(ISNUMBER(R3),R3>=Summary!$B$13,R3<=Summary!$B$14,ROUND(R3,4)=R3,ROUND(P3+R3,4)>=W3,ROUND(H3*(1+ROUND(P3+R3,4)),-2)>=X3),ROUND(P3+R3,4),NA()) -> 0.3152 | T3: =ROUND(H3*(1+S3),-2) -> 2104300 | U3: =IF(I3="","",T3/I3) -> 0.97421296 | V3: =Y3&IF(AND(ISNUMBER(R3),R3>=Summary!$B$13,R3<=Summary!$B$14,ROUND(R3,4)=R3,ROUND(P3+R3,4)>=W3,ROUND(H3*(1+ROUND(P3+R3,4)),-2)>=X3),"",";INVALID_ADJUSTMENT") | W3: 0.08 | X3: 1728000 | Z3: L-A | AA3: =R3<>0 -> FALSE
A4: A003 | B4: Team Alpha | C4: Senior | D4: 2 | E4: Senior | F4: 2 | G4: 4 | H4: 1800000 | I4: 2160000 | J4: 0.83333333 | K4: 0.08 | L4: 0 | M4: 0 | N4: 0.2352 | O4: 0 | P4: 0.3152 | Q4: 2367400 | R4: 0 | S4: =IF(AND(ISNUMBER(R4),R4>=Summary!$B$13,R4<=Summary!$B$14,ROUND(R4,4)=R4,ROUND(P4+R4,4)>=W4,ROUND(H4*(1+ROUND(P4+R4,4)),-2)>=X4),ROUND(P4+R4,4),NA()) -> 0.3152 | T4: =ROUND(H4*(1+S4),-2) -> 2367400 | U4: =IF(I4="","",T4/I4) -> 1.0960185 | V4: =Y4&IF(AND(ISNUMBER(R4),R4>=Summary!$B$13,R4<=Summary!$B$14,ROUND(R4,4)=R4,ROUND(P4+R4,4)>=W4,ROUND(H4*(1+ROUND(P4+R4,4)),-2)>=X4),"",";INVALID_ADJUSTMENT") | W4: 0.08 | X4: 1944000 | Z4: L-A | AA4: =R4<>0 -> FALSE
A5: A004 | B5: Team Alpha | C5: Supervisor | D5: 1 | E5: Supervisor | F5: 1 | G5: 1 | H5: 2000000 | I5: 2160000 | J5: 0.92592593 | K5: 0.08 | L5: 0 | M5: 0 | N5: 0 | O5: 0 | P5: 0.08 | Q5: 2160000 | R5: 0 | S5: =IF(AND(ISNUMBER(R5),R5>=Summary!$B$13,R5<=Summary!$B$14,ROUND(R5,4)=R5,ROUND(P5+R5,4)>=W5,ROUND(H5*(1+ROUND(P5+R5,4)),-2)>=X5),ROUND(P5+R5,4),NA()) -> 0.08 | T5: =ROUND(H5*(1+S5),-2) -> 2160000 | U5: =IF(I5="","",T5/I5) -> 1 | V5: =Y5&IF(AND(ISNUMBER(R5),R5>=Summary!$B$13,R5<=Summary!$B$14,ROUND(R5,4)=R5,ROUND(P5+R5,4)>=W5,ROUND(H5*(1+ROUND(P5+R5,4)),-2)>=X5),"",";INVALID_ADJUSTMENT") | W5: 0.08 | X5: 2160000 | Z5: L-A | AA5: =R5<>0 -> FALSE
A6: A005 | B6: Team Alpha | C6: Manager | D6: 2 | E6: Senior Manager | F6: 1 | G6: 5 | H6: 2200000 | I6: 3200000 | J6: 0.6875 | K6: 0.08 | L6: 0.15 | M6: 0 | N6: 0 | O6: 0.1176 | P6: 0.3476 | Q6: 2964700 | R6: 0 | S6: =IF(AND(ISNUMBER(R6),R6>=Summary!$B$13,R6<=Summary!$B$14,ROUND(R6,4)=R6,ROUND(P6+R6,4)>=W6,ROUND(H6*(1+ROUND(P6+R6,4)),-2)>=X6),ROUND(P6+R6,4),NA()) -> 0.3476 | T6: =ROUND(H6*(1+S6),-2) -> 2964700 | U6: =IF(I6="","",T6/I6) -> 0.92646875 | V6: =Y6&IF(AND(ISNUMBER(R6),R6>=Summary!$B$13,R6<=Summary!$B$14,ROUND(R6,4)=R6,ROUND(P6+R6,4)>=W6,ROUND(H6*(1+ROUND(P6+R6,4)),-2)>=X6),"",";INVALID_ADJUSTMENT") | W6: 0.23 | X6: 2706000 | Z6: L-A | AA6: =R6<>0 -> FALSE
